cohort,days_since,raw_wl
Early (≤30d),0.0,0.0
Early (≤30d),1.0,-0.12174046467269317
Early (≤30d),2.0,-0.24446566332313283
Early (≤30d),3.0,-0.3682427504775223
Early (≤30d),4.0,-0.4929767422127611
Early (≤30d),5.0,-0.6183932887857194
Early (≤30d),6.0,-0.7439685039922327
Early (≤30d),7.0,-0.869330750482142
Early (≤30d),8.0,-1.0036852400143357
Early (≤30d),9.0,-1.143968317701043
Early (≤30d),10.0,-1.2877836746326663
Early (≤30d),11.0,-1.431602535721723
Early (≤30d),12.0,-1.5728564555097562
Early (≤30d),13.0,-1.7100748007844995
Early (≤30d),14.0,-1.8438126665779417
Early (≤30d),15.0,-1.974513166791638
Early (≤30d),16.0,-2.1091957464748248
Early (≤30d),17.0,-2.244636769350516
Early (≤30d),18.0,-2.3789213851423363
Early (≤30d),19.0,-2.5087668491261708
Early (≤30d),20.0,-2.633564634402962
Early (≤30d),21.0,-2.754911972385284
Early (≤30d),22.0,-2.875058946282807
Early (≤30d),23.0,-2.9925308581556576
Early (≤30d),24.0,-3.1117270449032324
Early (≤30d),25.0,-3.2291772507555985
Early (≤30d),26.0,-3.346082373346561
Early (≤30d),27.0,-3.4634328046499694
Early (≤30d),28.0,-3.5817474443899213
Early (≤30d),29.0,-3.701168873265392
Early (≤30d),30.0,-3.8267229895624255
Early (≤30d),31.0,-3.9451153471989966
Early (≤30d),32.0,-4.062422045776647
Early (≤30d),33.0,-4.1805913983707645
Early (≤30d),34.0,-4.300817634182447
Early (≤30d),35.0,-4.422403094915855
Early (≤30d),36.0,-4.542927459937212
Early (≤30d),37.0,-4.660482577171982
Early (≤30d),38.0,-4.774557768233901
Early (≤30d),39.0,-4.885988084563525
Early (≤30d),40.0,-4.995198083971676
Early (≤30d),41.0,-5.0977341752852
Early (≤30d),42.0,-5.2029481357712495
Early (≤30d),43.0,-5.305228493549556
Early (≤30d),44.0,-5.4048230540471
Early (≤30d),45.0,-5.502408638940507
Early (≤30d),46.0,-5.596584929006739
Early (≤30d),47.0,-5.692331909092048
Early (≤30d),48.0,-5.787018655683522
Early (≤30d),49.0,-5.880215891515218
Early (≤30d),50.0,-5.971806739913774
Early (≤30d),51.0,-6.058418162844897
Early (≤30d),52.0,-6.1460704354231
Early (≤30d),53.0,-6.2301878037183105
Early (≤30d),54.0,-6.310463512667037
Early (≤30d),55.0,-6.387669763095703
Early (≤30d),56.0,-6.457735057857563
Early (≤30d),57.0,-6.533221855167477
Early (≤30d),58.0,-6.608523782500714
Early (≤30d),59.0,-6.683291827923791
Early (≤30d),60.0,-6.756687800619457
Early (≤30d),61.0,-6.828447680208656
Early (≤30d),62.0,-6.897479392908106
Early (≤30d),63.0,-6.968574683911072
Early (≤30d),64.0,-7.0399189911852735
Early (≤30d),65.0,-7.111411651596943
Early (≤30d),66.0,-7.18250840159385
Early (≤30d),67.0,-7.25321120002707
Early (≤30d),68.0,-7.322493913907469
Early (≤30d),69.0,-7.3912206628420725
Early (≤30d),70.0,-7.459752433537331
Early (≤30d),71.0,-7.528151949988118
Early (≤30d),72.0,-7.595848715125011
Early (≤30d),73.0,-7.663041645855792
Early (≤30d),74.0,-7.730562469537877
Early (≤30d),75.0,-7.798947262253353
Early (≤30d),76.0,-7.869470139865184
Early (≤30d),77.0,-7.940496081017756
Early (≤30d),78.0,-8.012441075404185
Early (≤30d),79.0,-8.084932153008378
Early (≤30d),80.0,-8.158167945277404
Early (≤30d),81.0,-8.230872585749148
Early (≤30d),82.0,-8.303264551817376
Early (≤30d),83.0,-8.374706344927414
Early (≤30d),84.0,-8.444870967512923
Early (≤30d),85.0,-8.51200380949333
Early (≤30d),86.0,-8.577727099192089
Early (≤30d),87.0,-8.642861086519027
Early (≤30d),88.0,-8.707828946362781
Early (≤30d),89.0,-8.772822420151034
Early (≤30d),90.0,-8.837940919224406
Early (≤30d),91.0,-8.903233974690474
Early (≤30d),92.0,-8.968702232303844
Early (≤30d),93.0,-9.0343249397083
Early (≤30d),94.0,-9.100059040392486
Early (≤30d),95.0,-9.165860839196553
Early (≤30d),96.0,-9.231694958182608
Early (≤30d),97.0,-9.297536382276736
Early (≤30d),98.0,-9.363351074861974
Early (≤30d),99.0,-9.429114304735789
Early (≤30d),100.0,-9.494799741454655
Early (≤30d),101.0,-9.56036772865627
Early (≤30d),102.0,-9.62578611976136
Early (≤30d),103.0,-9.691040624871755
Early (≤30d),104.0,-9.756139715195328
Early (≤30d),105.0,-9.82108888567276
Mid (30-60d),0.0,0.0
Mid (30-60d),1.0,-0.10475706871615892
Mid (30-60d),2.0,-0.210088879377208
Mid (30-60d),3.0,-0.31580171084852043
Mid (30-60d),4.0,-0.4216392251326772
Mid (30-60d),5.0,-0.5272577484188123
Mid (30-60d),6.0,-0.6324544174501675
Mid (30-60d),7.0,-0.7379028730166151
Mid (30-60d),8.0,-0.8461992697700412
Mid (30-60d),9.0,-0.9597350861362782
Mid (30-60d),10.0,-1.078556712899297
Mid (30-60d),11.0,-1.1993091727794054
Mid (30-60d),12.0,-1.317775119953303
Mid (30-60d),13.0,-1.4311737716385395
Mid (30-60d),14.0,-1.5359290697660997
Mid (30-60d),15.0,-1.640447203540318
Mid (30-60d),16.0,-1.7435123279999598
Mid (30-60d),17.0,-1.8445997237561222
Mid (30-60d),18.0,-1.9407248970753237
Mid (30-60d),19.0,-2.0313613559266317
Mid (30-60d),20.0,-2.1170821824485286
Mid (30-60d),21.0,-2.1996517428762346
Mid (30-60d),22.0,-2.291378603689537
Mid (30-60d),23.0,-2.3822216070637268
Mid (30-60d),24.0,-2.4745763002627474
Mid (30-60d),25.0,-2.5692790236660734
Mid (30-60d),26.0,-2.66463574758905
Mid (30-60d),27.0,-2.75903033375228
Mid (30-60d),28.0,-2.851243320008048
Mid (30-60d),29.0,-2.9281540739840417
Mid (30-60d),30.0,-3.0077788830227403
Mid (30-60d),31.0,-3.086005633458624
Mid (30-60d),32.0,-3.1637290335821144
Mid (30-60d),33.0,-3.2402845719604367
Mid (30-60d),34.0,-3.3118135997840135
Mid (30-60d),35.0,-3.385666036840494
Mid (30-60d),36.0,-3.4556257697357706
Mid (30-60d),37.0,-3.5205721969993524
Mid (30-60d),38.0,-3.581374399192312
Mid (30-60d),39.0,-3.6392160335707504
Mid (30-60d),40.0,-3.6947357133545125
Mid (30-60d),41.0,-3.742774880417192
Mid (30-60d),42.0,-3.79398341852593
Mid (30-60d),43.0,-3.846591257593951
Mid (30-60d),44.0,-3.901764570831776
Mid (30-60d),45.0,-3.9605707392823533
Mid (30-60d),46.0,-4.019809681411312
Mid (30-60d),47.0,-4.078038468239448
Mid (30-60d),48.0,-4.133745199595249
Mid (30-60d),49.0,-4.1859266163129725
Mid (30-60d),50.0,-4.233570820690879
Mid (30-60d),51.0,-4.269651742636622
Mid (30-60d),52.0,-4.305604772238376
Mid (30-60d),53.0,-4.339350851908044
Mid (30-60d),54.0,-4.373035739608855
Mid (30-60d),55.0,-4.404269023957614
Mid (30-60d),56.0,-4.4404015531948895
Mid (30-60d),57.0,-4.476787300671978
Mid (30-60d),58.0,-4.512767014314022
Mid (30-60d),59.0,-4.548039504216087
Mid (30-60d),60.0,-4.582370013925427
Mid (30-60d),61.0,-4.620577564021632
Mid (30-60d),62.0,-4.658436136160375
Mid (30-60d),63.0,-4.694547105414429
Mid (30-60d),64.0,-4.728346187354272
Mid (30-60d),65.0,-4.762201811852645
Mid (30-60d),66.0,-4.79425295182786
Mid (30-60d),67.0,-4.827104600382157
Mid (30-60d),68.0,-4.861149706042557
Mid (30-60d),69.0,-4.89644653274822
Mid (30-60d),70.0,-4.935503895592948
Mid (30-60d),71.0,-4.970866271713061
Mid (30-60d),72.0,-5.006564202350678
Mid (30-60d),73.0,-5.0420950159707
Mid (30-60d),74.0,-5.076693453457542
Mid (30-60d),75.0,-5.102446861531633
Mid (30-60d),76.0,-5.132311680786835
Mid (30-60d),77.0,-5.159867043040499
Mid (30-60d),78.0,-5.184797065275571
Mid (30-60d),79.0,-5.2074549185159
Mid (30-60d),80.0,-5.228239590454041
Mid (30-60d),81.0,-5.240681364991658
Mid (30-60d),82.0,-5.259524653880637
Mid (30-60d),83.0,-5.276601025566158
Mid (30-60d),84.0,-5.291613381503724
Mid (30-60d),85.0,-5.2978508003798686
Mid (30-60d),86.0,-5.300393682952533
Mid (30-60d),87.0,-5.300821545104551
Mid (30-60d),88.0,-5.300219349945311
Mid (30-60d),89.0,-5.299076696281045
Mid (30-60d),90.0,-5.297600779420065
Mid (30-60d),91.0,-5.29587874596925
Mid (30-60d),92.0,-5.293937047106357
Mid (30-60d),93.0,-5.291789541952076
Mid (30-60d),94.0,-5.289447833645006
Mid (30-60d),95.0,-5.2869115089380845
Mid (30-60d),96.0,-5.284193321583125
Mid (30-60d),97.0,-5.281306860858631
Mid (30-60d),98.0,-5.278254522232114
Mid (30-60d),99.0,-5.275004688072915
Mid (30-60d),100.0,-5.2715079165828875
Mid (30-60d),101.0,-5.26771691192166
Mid (30-60d),102.0,-5.263588252759021
Mid (30-60d),103.0,-5.259081898888441
Mid (30-60d),104.0,-5.254179577924946
Mid (30-60d),105.0,-5.248878570036462
Late (>60d),0.0,0.0
Late (>60d),1.0,-0.05587116179471899
Late (>60d),2.0,-0.11223687715982497
Late (>60d),3.0,-0.16887509607636675
Late (>60d),4.0,-0.22553234765908967
Late (>60d),5.0,-0.282013769969915
Late (>60d),6.0,-0.33831405580676077
Late (>60d),7.0,-0.3954426084122237
Late (>60d),8.0,-0.45773840457546866
Late (>60d),9.0,-0.5218159719006668
Late (>60d),10.0,-0.5831895940832094
Late (>60d),11.0,-0.6365480938735221
Late (>60d),12.0,-0.6811903064402125
Late (>60d),13.0,-0.7196878218361318
Late (>60d),14.0,-0.7505463015733924
Late (>60d),15.0,-0.7883620174495856
Late (>60d),16.0,-0.8258854584460271
Late (>60d),17.0,-0.8607923256695971
Late (>60d),18.0,-0.8918922247077611
Late (>60d),19.0,-0.9196566772159998
Late (>60d),20.0,-0.9504054696168782
Late (>60d),21.0,-0.981163824563659
Late (>60d),22.0,-1.0162967440098603
Late (>60d),23.0,-1.0578093165067939
Late (>60d),24.0,-1.105042427781258
Late (>60d),25.0,-1.1542798685458056
Late (>60d),26.0,-1.2003824193933426
Late (>60d),27.0,-1.2399238771502024
Late (>60d),28.0,-1.2731560817855343
Late (>60d),29.0,-1.3006116801288077
Late (>60d),30.0,-1.3136812506475664
Late (>60d),31.0,-1.3366716488042931
Late (>60d),32.0,-1.360687796548115
Late (>60d),33.0,-1.385165046023669
Late (>60d),34.0,-1.407755579424515
Late (>60d),35.0,-1.4260732842522226
Late (>60d),36.0,-1.439098343351946
Late (>60d),37.0,-1.4509521439048545
Late (>60d),38.0,-1.4607543705812298
Late (>60d),39.0,-1.4693857959375431
Late (>60d),40.0,-1.4777477303662216
Late (>60d),41.0,-1.4859132956662693
Late (>60d),42.0,-1.4930941625054583
Late (>60d),43.0,-1.4896499788668716
Late (>60d),44.0,-1.4909701396993618
Late (>60d),45.0,-1.4900647011264057
Late (>60d),46.0,-1.4880005605295907
Late (>60d),47.0,-1.4865417947621529
Late (>60d),48.0,-1.4872814394933476
Late (>60d),49.0,-1.490915690728782
Late (>60d),50.0,-1.5082489663656327
Late (>60d),51.0,-1.5192547085439991
Late (>60d),52.0,-1.5314902954371519
Late (>60d),53.0,-1.5503672440475853
Late (>60d),54.0,-1.5601684607138642
Late (>60d),55.0,-1.569316729514884
Late (>60d),56.0,-1.576004977688963
Late (>60d),57.0,-1.5797179578487996
Late (>60d),58.0,-1.5809582906467707
Late (>60d),59.0,-1.5795892566273242
Late (>60d),60.0,-1.5758204480919384
Late (>60d),61.0,-1.5574889334156987
Late (>60d),62.0,-1.5478099816789466
Late (>60d),63.0,-1.5356129915762968
Late (>60d),64.0,-1.5207692016571175
Late (>60d),65.0,-1.5026500408500365
Late (>60d),66.0,-1.4713778150832204
Late (>60d),67.0,-1.448512337190393
Late (>60d),68.0,-1.4222626189125394
Late (>60d),69.0,-1.3926079393013266
Late (>60d),70.0,-1.354283281646522
Late (>60d),71.0,-1.3188480684567307
Late (>60d),72.0,-1.2798290558287022
Late (>60d),73.0,-1.2372833928378228
Late (>60d),74.0,-1.1915818058741086
Late (>60d),75.0,-1.139193716587888
Late (>60d),76.0,-1.088769200785928
Late (>60d),77.0,-1.0379799337767577
Late (>60d),78.0,-0.987565917760521
Late (>60d),79.0,-0.936741900951661
Late (>60d),80.0,-0.888457761161308
Late (>60d),81.0,-0.8410841497650945
Late (>60d),82.0,-0.7951254763433774
Late (>60d),83.0,-0.75362837250597
Late (>60d),84.0,-0.7122540770446549
Late (>60d),85.0,-0.6758752660145793
Late (>60d),86.0,-0.6397360128753384
Late (>60d),87.0,-0.6030671012264662
Late (>60d),88.0,-0.5657541601842129
Late (>60d),89.0,-0.5278626566301482
Late (>60d),90.0,-0.4894976558848004
Late (>60d),91.0,-0.4507791295236723
Late (>60d),92.0,-0.41182360175694405
Late (>60d),93.0,-0.37274710797897337
Late (>60d),94.0,-0.33367034547946717
Late (>60d),95.0,-0.2946936515309791
Late (>60d),96.0,-0.2558756934358582
Late (>60d),97.0,-0.21725265229214724
Late (>60d),98.0,-0.17885331121758946
Late (>60d),99.0,-0.14071314455454925
Late (>60d),100.0,-0.10287566136841393
Late (>60d),101.0,-0.06537912469902353
Late (>60d),102.0,-0.02825484037831839
Late (>60d),103.0,0.008506517081439884
Late (>60d),104.0,0.04494025248909289
Late (>60d),105.0,0.08108505268576977
